Time Interval,Date,Month,Total Consumption (kWh),Device 1 Consumption (kWh),Device 2 Consumption (kWh),Device 3 Consumption (kWh),Device 4 Consumption (kWh),Device 5 Consumption (kWh),Device 6 Consumption (kWh),Device 7 Consumption (kWh),Device 8 Consumption (kWh),Device 9 Consumption (kWh),Device 10 Consumption (kWh),Device 11 Consumption (kWh),Device 12 Consumption (kWh),Device 13 Consumption (kWh),Device 14 Consumption (kWh),Device 15 Consumption (kWh),Device 16 Consumption (kWh)
Normal,2/1/2023,1,14.35,3.61,1.18,3.67,3.73,1.41,1.2,3.5,2.16,3.98,2.63,4.18,1.72,4.83,1.84,2.05,1.6
Peak,2/1/2023,1,5.21,1.46,0.84,1.7,2.61,1.38,4.94,1.12,2.5,3.52,0.53,3.33,4.76,0.57,1.67,3.64,1.647322318
Off-peak,2/1/2023,1,16.16,1.73,2.35,2.34,3.65,3.21,1.35,0.87,3.62,4.21,4.62,2.97,2.63,1.7,0.64,3.89,1.686471629
Normal,2/3/2023,1,19.86,0.77,3.37,4.81,1,1.58,1.5,2.2,4.02,0.63,1.76,3.7,3.97,1.26,3.06,1.37,1.666753594
Peak,2/3/2023,1,16.17,1.28,3.56,3.05,4.6,4.23,4.86,3.2,1.66,3.67,1.66,0.96,1.56,1.07,4.15,4.59,1.66873891
Off-peak,2/3/2023,1,5.05,3.19,3.58,2.63,1.94,0.74,1,2.99,1.64,2.02,3.55,3.51,4.88,3.02,3.08,0.58,1.665240174
Normal,2/6/2023,1,19.37,1.02,2.06,0.85,4.73,0.83,3.88,3.02,0.76,3.93,0.81,3.39,2.29,2.45,4.1,4.04,1.715197933
Peak,2/6/2023,1,17.29,2.8,2.47,4.47,2.04,3.55,3.22,1.22,2.51,3.84,2.12,2.01,3.81,1.77,4.4,1.25,1.734927213
Off-peak,2/6/2023,1,9.73,3.11,2.95,2.42,4.16,0.95,2.55,4.2,3.36,2.12,2.14,3.71,3.78,0.56,3.07,4.34,1.703674397
Normal,2/9/2023,1,14.83,4.88,1.13,2.18,4.75,3.96,4.32,4.3,4.61,3.42,0.63,3.03,4.14,1.73,1.52,1.52,1.675564078
Peak,2/9/2023,1,16.97,2.67,2.82,0.77,1.36,1.39,2.51,1.07,2.05,3.61,2.46,2.2,1.98,2.64,2.4,2.79,1.686645774
Off-peak,2/9/2023,1,19.44,4.79,4.62,2.71,0.67,1.14,4.36,2.08,3.4,1.07,3.23,1.71,1.4,2.2,0.85,2.68,1.734271406
Normal,2/12/2023,1,15.1,2.74,0.89,1.35,3.65,4.88,1.35,3.15,1.01,4.11,1.33,4.65,1.84,2.34,2.76,1.26,1.744227492
Peak,2/12/2023,1,14.18,0.89,1.1,4.42,3.25,3.83,2.25,4.56,3.41,1.83,4.74,2.24,4.33,2.92,2.47,3.69,1.756272844
Off-peak,2/12/2023,1,11.73,0.67,1.73,2.39,4.86,3.39,0.65,1.8,3.9,1.75,4.25,4.53,3.61,4.16,0.96,2.94,1.791339732
Normal,2/15/2023,1,5.68,2.9,2.97,3.08,2.74,1.73,4.95,3.69,4.13,1.25,3.92,4.15,0.81,3.25,0.71,2.37,1.824864221
Peak,2/15/2023,1,12.2,2.71,2.3,2.35,0.91,4.61,2.38,4.58,2.95,2.6,4.6,0.5,2.86,4.69,3.18,4.74,1.858129314
Off-peak,2/15/2023,1,17.23,4.28,4.62,3.17,1.02,3.62,3.9,4.51,2.81,1.21,1.21,2.49,1.29,0.85,0.78,0.93,1.902047113
Normal,2/18/2023,1,8.97,1.18,4.48,2.63,1,1.48,1.42,3.83,3.21,1.85,0.97,1.54,4.41,4.11,2.82,2.66,1.933635062
Peak,2/18/2023,1,15.79,3.88,4.4,2.59,4.65,2.78,1.41,1.5,1.02,4.21,2.8,3.12,1.78,4.9,2.96,3.3,1.965722457
Off-peak,2/18/2023,1,6.52,1.58,4.42,2.22,4.53,4.94,2.58,2.55,3.35,1.64,3.42,0.88,1.45,1.91,2.92,1.58,1.975385019
Normal,2/21/2023,1,11.06,0.98,3.24,4.85,3.93,3.55,4.4,3.99,2.32,2.25,0.69,4.86,1.01,4.02,3.63,0.63,2.019538096
Peak,2/21/2023,1,17.31,1.24,3.85,2.55,4.96,4.15,1.97,2.76,3.63,3.69,3.25,2.59,2.7,3.41,4.58,1.34,2.008503026
Off-peak,2/21/2023,1,5.56,1.25,2.88,4.94,1.09,1.73,1.72,2.55,4.73,1.6,4.36,0.8,2.84,2.33,4.56,0.53,2.020423828
Normal,2/24/2023,1,8.05,3.72,4.87,1.97,3.89,2.87,1.9,1.66,2.23,0.54,4.87,4.97,2.47,0.71,2.49,2.67,2.002046173
Peak,2/24/2023,1,18.18,4.22,4.57,3.31,4.57,1.07,2.13,0.68,2.21,2.58,3.68,2.38,4.37,0.95,0.71,2.3,2.026093386
Off-peak,2/24/2023,1,13.96,1.17,2.06,3.42,1.1,1.64,3.85,1.28,3.98,3.51,3.09,4.95,2.58,1.22,4.1,3.73,1.998246831
Normal,2/27/2023,1,10.05,3.84,2.73,1.51,3.45,0.95,4.87,1.63,1.44,1.25,4.06,1.67,3.38,2.99,1.25,4.89,1.989343316
Peak,2/27/2023,1,16.78,1.32,4.07,1.15,4.72,3.12,1.47,3.11,4.55,1.42,2.34,4.32,2.06,0.93,3.79,2.4,1.954091286
Off-peak,2/27/2023,1,19.29,4.95,4.02,3.65,2.21,1.87,3.05,1.57,1.94,0.83,1.07,2.43,4.67,0.88,2.95,2.46,1.929092074
Normal,3/1/2023,2,18.96,0.68,4.92,2.71,2.89,1.48,0.6,4.8,0.67,1.06,3.42,4.83,2.45,1,4.1,4.57,1.889375624
Peak,3/1/2023,2,17.99,0.93,1.06,1.16,1.2,1.29,3.1,2.8,1.67,4.4,1.73,1.21,3.64,2.31,4.24,2.08,1.93772615
Off-peak,3/1/2023,2,15.02,3.47,4.05,0.96,4.89,2.81,3.95,3.8,3.2,4.88,1.83,2.24,3.98,1.37,1.69,1.69,1.959783602
Normal,3/3/2023,2,16.88,2.81,2.67,1.91,4.28,3.07,2.31,3.64,4.35,4.36,1.56,1.66,4.6,4.13,2.45,3.07,1.931852502
Peak,3/3/2023,2,12.6,4.97,0.82,4.98,4.97,0.77,4.34,2.68,1.65,3.02,4.44,1.24,4.72,1.2,0.56,1.02,1.965273978
Off-peak,3/3/2023,2,6.71,2.22,1.19,0.84,3.07,3.7,3.76,3.61,3.96,0.54,2.98,1.07,0.65,2.5,0.8,4.71,1.988317576
Normal,3/6/2023,2,5.46,4.9,1.47,0.84,4.78,4.22,2.8,3.3,1.9,4.6,2.45,2.47,4.33,2.47,3.35,4.9,1.968572048
Peak,3/6/2023,2,12.91,3.6,3.9,0.71,1.16,0.56,2.01,2.95,4.01,2.21,2.35,3.82,1.36,2.21,4.45,0.58,2.00734935
Off-peak,3/6/2023,2,7.88,1.58,1.21,3.12,2.29,3.66,3.4,3.66,3.81,2.61,4.17,2.3,3.99,2.18,2.24,1.53,2.036065983
Normal,3/9/2023,2,12.96,3.29,4.15,3.55,1.53,1.5,0.67,3.21,4.03,4.72,4.73,1.79,3.23,2.63,4.7,1.46,1.9916407
Peak,3/9/2023,2,8.15,4.45,1.09,3.42,1.89,4.96,1.68,3.46,3.97,4.01,3.09,1.25,2.49,2.18,0.81,4.28,2.033687589
Off-peak,3/9/2023,2,10.53,4.97,1.26,3.13,2.86,3.04,1.77,0.72,3.17,3.8,2.26,3.04,2.38,4.62,2.52,4.46,2.057713733
Normal,3/12/2023,2,12.62,3.26,4.15,2.52,2.16,1.73,4.11,4.36,1.53,1.44,1.7,1.78,1.09,3.67,1.5,2.15,2.091430895
Peak,3/12/2023,2,15.35,1.8,3.11,4.43,1.95,3.34,1.7,2.87,4.51,1.76,3.25,3.2,4.69,1.75,3.45,3.9,2.107915655
Off-peak,3/12/2023,2,8.63,1.19,3.56,1.11,2.69,1.85,3.21,3.63,2.64,0.76,2.92,3.94,3.43,4.55,2.59,3.8,2.072382632
Normal,3/15/2023,2,18.81,2.12,4.41,2.65,3,4,1.66,0.94,1.27,3.14,4.74,3.48,4.33,0.6,1.78,1.34,2.077175254
Peak,3/15/2023,2,12.97,4.53,2.75,1.23,3.69,2.23,3.45,4.79,0.93,4.79,0.92,3.5,2.02,2.56,2.58,1.59,2.077349874
Off-peak,3/15/2023,2,8.42,3.87,1.42,1.24,4.5,1.02,4.18,2.18,3.95,2.6,0.56,1.64,1.6,1.54,4.09,1.95,2.111123979
Normal,3/18/2023,2,10.58,4.68,2.41,1.27,3.79,1.02,4.37,1.67,2.98,4.19,0.73,0.98,2.85,2.35,3.59,3.32,2.078476771
Peak,3/18/2023,2,14.96,3.45,4.59,1.32,3.33,2.38,3.27,1.52,2.54,1.64,3.5,3,4.58,3.62,2.81,3.82,2.054287966
Off-peak,3/18/2023,2,19.78,0.62,3.83,4.19,4.08,1.3,1.06,0.69,4.36,2.07,4.44,4.87,0.82,4.27,3.87,2.22,2.01148119
Normal,3/21/2023,2,6.91,1.58,4.07,3.57,4.33,2.4,3.34,1.12,0.82,1.17,3.71,2.36,4.52,4.1,4.3,1.65,1.986391154
Peak,3/21/2023,2,19.01,3.28,4.75,2.81,2.51,2.65,2.52,1.82,1.62,3.01,1.83,2.42,1.37,1.64,1,4.37,2.001380511
Off-peak,3/21/2023,2,19.99,0.78,0.7,4.81,3.26,3.49,3.56,1.07,1.54,4.82,1.55,0.73,1.97,1.32,4.21,2.49,2.007471356
Normal,3/24/2023,2,16.73,2.9,2.14,5.1,3.11,3.89,4.87,1.66,1.59,4.06,0.61,3.02,3.35,2.98,2.3,2.9,2.001767897
Peak,3/24/2023,2,14.04,2.58,3.52,2.1,3.57,2.17,3.6,2.92,1.35,1.93,4.75,3.61,3.58,4.06,1.79,2.48,2.051663023
Off-peak,3/24/2023,2,17.78,4.75,3.09,4.64,0.96,0.81,2.17,1.87,3.51,4.45,1.64,3.47,4.66,3.67,4.2,2.39,2.082650236
Normal,3/27/2023,2,18.68,3.19,1.55,3.63,2.27,1.06,2.2,2.43,3.61,1.58,0.97,4.82,1.74,3.22,3.36,2.46,2.054944435
Peak,3/27/2023,2,9.87,3.49,0.56,3.97,4.05,4.29,1.33,1.31,2.55,3.46,4.86,3.93,3.58,0.63,4.29,4.89,2.084279346
Off-peak,3/27/2023,2,19.6,3.14,1.94,2.46,3.22,2.68,4.78,1.02,2.04,0.91,4.58,1.81,1.9,4.65,2.63,2.62,2.058574874
Normal,4/1/2023,3,19,4.45,3.02,1.39,2.74,3.18,3.47,2.89,4.6,0.85,1.87,1.09,2.18,3.91,2.36,4.95,2.084976969
Peak,4/1/2023,3,11.91,3.74,2.72,0.93,4.62,2.14,4.52,3.65,4.28,3.12,3.83,2.77,2.25,0.55,4.73,3.94,2.059782927
Off-peak,4/1/2023,3,16.52,2.41,1.71,1.85,2.96,1.52,1.92,0.97,4.65,2.64,2.34,3.63,4.98,3.36,2.23,4.42,2.060294337
Normal,4/3/2023,3,19.11,0.68,2.1,2.55,4.18,1.62,3.11,2.05,4.66,4.41,3.63,0.8,4.74,3.34,1.63,0.52,2.085540915
Peak,4/3/2023,3,13.56,1.38,2.2,2.25,3.76,0.87,0.9,2.46,2,0.86,0.92,4.96,2.13,0.81,3.81,4.11,2.127145699
Off-peak,4/3/2023,3,18.16,3.34,4.59,3.7,3.97,0.89,1.55,2.24,4.2,3.03,3.56,3.9,4.75,1.42,1.94,3.28,2.134388679
Normal,4/6/2023,3,5.13,0.71,3.55,1.51,2.09,0.84,2.27,1.25,4.93,1.3,0.7,0.7,3.55,2,4.29,1.79,2.109224585
Peak,4/6/2023,3,9.28,0.69,3.08,4.41,1.21,1.38,3.31,0.88,4.94,3.5,1.18,1.68,2.19,2.44,2.48,4.13,2.139471904
Off-peak,4/6/2023,3,19.3,1.2,4.98,2.12,1.84,4.94,1.36,2.08,2.39,1.76,4.38,2.28,1.36,1.24,1.71,2.83,2.092939759
Normal,4/9/2023,3,11.43,3.8,1.35,3.68,1.99,3.09,1.56,2.24,2.24,1.09,3.09,1.85,4.06,2.93,3.37,4.83,2.04451531
Peak,4/9/2023,3,7.31,1.1,3.88,1.73,1.12,3.73,3.11,0.54,1.26,4.14,2.34,0.98,2.23,2.01,1.66,4.5,2.040314676
Off-peak,4/9/2023,3,10.78,0.57,1.49,4.52,3.43,0.51,4.01,0.84,1.87,1.7,1.53,0.9,3.07,2.1,4.7,1.35,2.011137751
Normal,4/12/2023,3,10.39,1.29,1.23,2.85,3.77,2.9,2.63,4.8,2.55,2.1,3.55,4.15,4.26,3.94,3.56,2.81,1.964829078
Peak,4/12/2023,3,8.84,1.9,1.27,4.75,2.95,1.04,1.65,2.4,4.27,4.38,0.6,1.42,4.34,3.64,4.76,1.85,1.940894982
Off-peak,4/12/2023,3,14.12,4.49,2.88,3.38,3.03,4.83,4.69,2.18,1.76,1.05,1.96,4.95,2.75,3.68,3.3,1.58,1.942933199
Normal,4/15/2023,3,5.11,2.19,3.16,4.68,0.93,4.2,2.21,1.69,3,4.24,3.73,1.37,2.71,2.21,4.29,0.93,1.979136313
Peak,4/15/2023,3,18.25,1.11,1.98,3.5,4.9,2.42,0.88,4.78,2.78,1.24,4.2,2.7,1.7,1.47,4.24,3.08,1.939270279
Off-peak,4/15/2023,3,5.85,2.4,3.2,3.65,1.34,3.47,1.21,2.64,4.1,1.71,2.08,1.89,0.66,3.34,4.25,1.17,1.962240828
Normal,4/18/2023,3,6.15,2.68,0.56,3.84,2.19,4.11,1.26,3.37,1.03,1.07,1.88,0.72,1.48,4.92,1.78,4.64,1.961797046
Peak,4/18/2023,3,17.21,3.58,4.83,2.56,1.17,3.54,4.28,0.64,4.62,0.8,3.89,3.66,1.58,1.36,4.56,4.13,1.99738446
Off-peak,4/18/2023,3,7.79,2.16,4.57,0.91,0.63,0.89,2.2,2.01,0.77,3.65,4.93,2.04,0.77,1,4.97,1.32,1.978070357
Normal,4/21/2023,3,10.38,2.87,4.55,1.85,4.4,4.55,1.62,2.49,4.87,3.3,2.98,2.5,4.48,2.43,0.55,3.12,2.023131089
Peak,4/21/2023,3,6.11,3.52,0.54,2.61,1.68,1.28,4.81,2.41,0.76,3.31,4.65,2.16,2.07,2.87,3.53,2.12,1.990453294
Off-peak,4/21/2023,3,15.4,2.54,3.03,3.13,3.84,4.59,0.85,2.83,1.4,0.68,3.25,4.55,3.72,4.52,0.71,2.83,1.972512212
Normal,4/24/2023,3,12.28,1.98,2.5,3.85,2.72,1.72,1.74,1.2,2.53,3.29,1.98,1.63,2.54,2.81,3.11,2.5,1.94552652
Peak,4/24/2023,3,17.86,0.51,2.22,4.35,0.68,0.93,2.54,3.94,0.99,3.2,2.71,4.81,2.44,4.8,3.76,1.39,1.900777765
Off-peak,4/24/2023,3,16.1,0.55,1.17,1.39,1.39,0.53,3.16,0.92,3.95,3.41,3.27,4.42,3.48,0.65,1.8,0.89,1.89966781
Normal,4/27/2023,3,19.37,2.03,1.04,1.82,2.91,3.7,3.72,0.6,3.77,2.35,2.04,2.45,0.6,1.16,1.49,4.92,1.854559504
Peak,4/27/2023,3,12.94,2.91,1.88,4.47,3.33,1.22,3.3,3.17,1.74,3.95,1.45,2.6,3.25,3.13,3.12,1.86,1.805525977
Off-peak,4/27/2023,3,6.64,3.19,0.76,2.61,2.69,4.21,3.52,1.18,3.37,4.7,2.76,4.81,2.6,4.48,4.36,1.99,1.816738793
Normal,5/1/2023,4,5.33,4.04,1.64,3.84,3.5,1.4,2.59,0.59,2.54,4.04,3.77,2.08,4.17,3.43,3.55,3.72,1.817693034
Peak,5/1/2023,4,9.28,1.61,3.63,3.63,3.66,3.33,1.58,4.65,2.34,3.45,1.67,4.44,2.6,1.72,1.69,0.9,1.775608865
Off-peak,5/1/2023,4,7.5,1.71,2.51,4.9,1.26,4.28,4.18,4.22,1.88,1.57,2.71,2.54,2.98,3.13,1.2,2.57,1.758791151
Normal,5/3/2023,4,15.42,1.23,2.03,1.18,4.33,1.35,2.77,1.39,2.03,1.08,4.54,0.57,4.26,2.65,2.95,1.92,1.793984835
Peak,5/3/2023,4,19.53,4.48,3.46,2.57,3.41,2.79,2.49,2.45,1.53,2.82,4.89,3.8,1.87,2.17,1.58,2.37,1.792968937
Off-peak,5/3/2023,4,16.47,3.11,1.89,0.92,2.49,0.88,2.18,3.16,2.13,3.9,3.78,4.62,3.77,4.74,4.84,2.61,1.744743421
Normal,5/6/2023,4,8.58,1.52,2.67,3.39,2.23,0.62,3.3,2.71,4.12,2.4,2.54,4.75,2.81,2.5,2.36,1.97,1.709295527
Peak,5/6/2023,4,11.08,3.22,4.65,4.76,1.43,1.75,1.45,4.61,4.68,4.44,2.95,4.9,3.41,2.7,3.62,1.76,1.741904645
Off-peak,5/6/2023,4,6.1,1.23,1.91,4.56,3.96,2.51,3.53,4.15,3.89,0.92,1.72,4.74,0.99,4.29,0.56,2.04,1.778355683
Normal,5/9/2023,4,13.98,1.4,4.31,4.77,1.09,0.66,2.14,4.05,2.53,4.7,3.82,1.34,2.94,4.93,2.1,2.5,1.757361202
Peak,5/9/2023,4,9.1,1.05,3.94,3.28,3.03,2.91,1.97,2.69,4.87,4.89,3.94,4.89,4.84,2.72,4.83,2.98,1.713204814
Off-peak,5/9/2023,4,17.76,4.76,0.74,3.66,1.94,1.23,2.01,1.66,0.73,2.01,2.45,3.45,3.29,1.14,0.77,2.36,1.699881017
Normal,5/12/2023,4,17.44,1.54,1.08,3.4,3.71,4.62,2.15,2.49,3.33,0.52,0.73,3.32,4.28,4.62,2.8,2.84,1.702321038
Peak,5/12/2023,4,9.09,4.38,1.44,4.78,1.64,2.82,0.53,4.27,4,4.7,3.27,0.87,4.52,3.73,0.57,2.09,1.670349659
Off-peak,5/12/2023,4,8.91,1.43,0.66,4.92,2.46,1.14,0.53,1.78,3.88,2.28,3.44,4.67,4.11,1.53,1.93,3.64,1.696894482
Normal,5/15/2023,4,13.4,3.35,1.8,4.09,3.74,1.31,2.27,3.05,2.71,4.98,3.66,3.78,3.42,1.21,4.7,2.69,1.662149152
Peak,5/15/2023,4,6,3.11,4.59,2.69,3.03,2.17,2.75,1.17,4.92,4.16,1.5,1.89,2.94,2.34,2.56,1.6,1.677679581
Off-peak,5/15/2023,4,17.64,4.16,3.38,1.7,4.89,1.98,3.33,2.34,1.35,4.07,3.46,3.88,1.06,3.93,1.64,0.7,1.679508777
Normal,5/18/2023,4,8.4,1.88,4.28,4.28,1.05,0.6,2.9,2.22,2.34,3.8,0.58,3.36,4.58,2.68,1.97,3.27,1.672350082
Peak,5/18/2023,4,8.51,1.92,4.27,2.09,4.54,2.53,4.56,0.88,3.19,2.18,1.92,4.15,4.41,2.38,3.11,3.62,1.707383207
Off-peak,5/18/2023,4,14.94,3.39,0.73,2.81,4.34,2.93,2.67,1.81,1.7,4.84,4.28,3.76,0.86,2.38,3.96,1.97,1.704167611
Normal,5/21/2023,4,5.64,1.16,2.5,0.95,2.59,4.06,0.87,4,2.85,4.66,1.83,0.92,2.44,2.2,1.2,3.33,1.719771905
Peak,5/21/2023,4,14.44,4.57,2.33,4.62,2.12,2.63,1.22,3.64,1.33,4.52,2.98,1.34,2.56,2,2.21,0.79,1.75968001
Off-peak,5/21/2023,4,7.6,4.9,1.18,2.56,2.02,2.19,1.43,4.98,1.48,3.25,3.07,1.94,2.92,1.36,1.34,2.2,1.74469638
Normal,5/24/2023,4,15.96,3.56,4.9,4.01,1.16,0.78,3.16,3.91,2.13,0.79,2.41,3.59,4.79,2.55,3.27,2.05,1.717952185
Peak,5/24/2023,4,6.72,2.39,1.49,4.46,2.79,4.52,1.03,0.86,1.93,3.76,1.21,0.76,1.34,1.08,3.6,4.94,1.691806918
Off-peak,5/24/2023,4,13.46,3.4,3.2,2.22,4.82,1.02,1.91,0.8,0.65,2.6,2.56,4.36,3.81,0.75,2.03,3.08,1.739148414
Normal,5/27/2023,4,19.75,4.53,4.62,4.75,1.12,1.34,1.9,4.52,4.04,3.12,1.14,4.64,3.96,4.12,1.56,4.21,1.709781268
Peak,5/27/2023,4,18.44,1.34,1.19,5.14,3.6,4.43,0.82,2.01,3.45,1.09,2.75,1.06,4.77,3.89,2.08,3.56,1.758264524
Off-peak,5/27/2023,4,9.12,1.5,1.33,5.16,4.05,4.16,3,2.36,1.07,3.03,0.76,4.55,3.1,4.01,1.96,0.58,1.754564556
Normal,6/1/2023,5,9.91,1.84,4.46,3.8,3.11,4.6,1.64,4.75,3.13,0.95,1.2,4.89,2.99,3.21,0.52,4.22,1.802775342
Peak,6/1/2023,5,9.62,2.25,1.9,4.76,2.78,4.44,4.63,2.04,0.93,1.17,3.56,2.43,1.48,1.85,3.74,0.52,1.851007332
Off-peak,6/1/2023,5,6.7,3.07,1.66,3.77,1.83,3.7,3.6,4.61,4.58,2.02,4.05,1.01,2.17,2.07,0.74,1.76,1.823108948
Normal,6/3/2023,5,10.44,0.54,3.13,1.26,3.62,4.91,3.48,1.91,1.48,2.04,4.72,0.75,4.65,2.51,4.98,2.84,1.800907197
Peak,6/3/2023,5,14.02,4.17,0.54,1.28,1.41,4.62,3.48,1.81,0.69,4.17,3.86,2.91,0.82,3.09,0.68,1.79,1.798198401
Off-peak,6/3/2023,5,13.72,1.68,0.65,5.11,1.92,1.23,2.07,1.54,3.86,2.55,1.66,2.73,3.05,0.83,2.24,2.87,1.825560558
Normal,6/6/2023,5,9.32,4.59,4.78,2.8,2.71,2.32,2.37,2.81,4.06,3.83,3.75,0.58,0.69,3.6,0.66,0.71,1.794314958
Peak,6/6/2023,5,8.02,1.59,4.01,2.42,2.34,3.72,2.39,4.28,2.03,3.79,1.05,2.45,1.73,2.95,3.96,3.09,1.761403406
Off-peak,6/6/2023,5,10.66,0.67,2.49,2.61,2.07,1.57,3.01,4.64,4.15,4.77,3.54,0.96,1.5,4.15,0.78,3.1,1.782714786
Normal,6/9/2023,5,8.4,2.73,0.96,1.37,3.21,3.52,0.83,2.55,2.93,0.57,2.92,1.57,2.38,3.97,3.06,4.28,1.752488791
Peak,6/9/2023,5,10.49,4.96,3.06,4.29,2.79,4.22,3.8,3.12,3.35,3.41,3.97,1.81,4.56,2.75,3.23,3.36,1.756140013
Off-peak,6/9/2023,5,19.03,2.85,3.69,1.48,4.14,3.79,3.54,1.93,2.32,2.6,4.3,1.55,3.96,3.98,2.19,1.66,1.739362816
Normal,6/12/2023,5,8.43,3.34,3.23,1.04,3.04,1.7,4.12,0.57,3.79,3.69,2.33,1.1,1.26,1.97,4.78,1.85,1.785037718
Peak,6/12/2023,5,17.03,3.56,3.84,3.54,3.71,4.69,2.43,2.61,4.09,2.31,2,4.29,4.19,1.52,3.46,1.86,1.750142675
Off-peak,6/12/2023,5,16.8,0.92,3.82,1.27,3.14,1.97,3.03,3.56,3.45,2.15,4.1,3.23,2.72,3.41,2.57,4.47,1.720997512
Normal,6/15/2023,5,15.63,1.31,4.77,2.06,3.69,0.66,3.22,3.79,3.46,1.21,3.71,3.2,3.57,4.59,4.19,3.26,1.701641619
Peak,6/15/2023,5,16.62,3.28,4.45,2.32,2.73,2.23,3.42,1.05,0.62,4.87,0.91,4.12,2.49,1.05,3.78,0.86,1.725953481
Off-peak,6/15/2023,5,6.18,4.47,1.46,1.13,3.24,4.37,0.76,4.96,1.15,2.78,2.11,3.32,4.28,0.65,1.98,0.89,1.770606106
Normal,6/18/2023,5,12.86,1.17,4.32,1.12,2.38,4.71,0.73,4.15,4.23,0.67,3.96,1.01,1.98,3.27,2.19,3.31,1.781831252
Peak,6/18/2023,5,15.96,2.73,1.59,3.98,2.79,3.14,2.56,1.39,4.17,1.03,4.37,4.08,2.1,4.51,2.69,2.58,1.818510398
Off-peak,6/18/2023,5,16.46,1.91,2.68,2.9,2.62,4.67,0.74,2.59,4.14,1.48,3.41,1.56,2.01,4.17,3.33,3.31,1.863394185
Normal,6/21/2023,5,15.08,2.55,0.75,1.44,2.15,4.36,1.36,3.43,2.3,0.7,4.7,4.68,2.48,2.58,0.74,2.47,1.889218309
Peak,6/21/2023,5,13.19,1.83,3.78,3.01,3.62,4.4,1.13,3.08,4.73,1.97,4.38,0.84,3.6,2.27,3.05,2.98,1.842273511
Off-peak,6/21/2023,5,14.83,3.23,4,2.12,2.04,2.03,3.29,1.38,4.9,1.67,3.68,0.9,2.58,1.09,4.55,3.38,1.856782908
Normal,6/24/2023,5,13.73,1.76,4.88,3.87,2.31,4.31,3.77,4.99,3.83,0.66,3.92,2.02,1.78,1.34,1.2,4.52,1.878365711
Peak,6/24/2023,5,16.57,1.7,0.58,1.31,2.52,4.37,3.75,3.44,3.01,4.59,0.69,4.38,4.14,3.02,0.67,4.59,1.922850092
Off-peak,6/24/2023,5,9.37,4.71,3.31,3.69,1.53,4.16,2.39,4.84,4.81,3.72,1.8,2.4,1.13,1.71,3.38,4.81,1.936621248
Normal,6/27/2023,5,5.87,4.3,4.57,4.42,1.62,3.66,0.85,1.69,3.47,4.63,1.76,4.64,3.94,1.04,0.92,1.9,1.919640445
Peak,6/27/2023,5,16.55,0.8,0.9,4.44,1.96,1.29,2.94,1.74,2.25,2.8,2.72,4.26,1.31,2.67,2.47,3.72,1.913098634
Off-peak,6/27/2023,5,7.77,1.67,4.49,1.95,2.11,4.14,2.91,3.01,0.63,4.53,0.98,1.08,4.95,4.6,1.08,4.73,1.865132865
Normal,7/1/2023,6,18.61,1.06,0.65,3.81,3.93,4.3,0.58,4.65,1.47,4.07,1.31,3.38,3.32,3.94,1.01,2.3,1.884641558
Peak,7/1/2023,6,9.68,4.25,2.87,2.09,3.38,1.34,3.33,1.48,1.26,1.88,2.59,3.9,4.67,4.12,0.62,1,1.929080845
Off-peak,7/1/2023,6,9.74,1.83,3.02,3.14,4.8,3.18,3.82,0.85,2.21,0.6,3.51,3.72,2.51,1.19,1.26,4.9,1.968982449
Normal,7/3/2023,6,13.69,1.56,2.67,5.06,3.14,1.84,2.23,3.56,2.77,2.02,2.38,0.61,3.59,0.63,3.63,3.64,2.005135419
Peak,7/3/2023,6,5.48,4.27,3.76,3.41,4.78,2.08,1.95,2.59,3.25,4.09,1.19,3.33,4.13,2.79,1.43,3.59,1.973465225
Off-peak,7/3/2023,6,13.45,2.72,3.58,4.28,3.65,1.56,2.27,0.64,3.43,4.9,1.82,3.72,4.6,0.98,2.47,4.33,1.930360896
Normal,7/6/2023,6,19.25,2.99,1.12,1.57,2.5,1.9,2.28,1.42,1.63,1.2,3.54,1.32,0.56,4.07,4.01,1.24,1.88113495
Peak,7/6/2023,6,8.93,4.78,3.34,1.76,4.65,2.22,4.1,4.15,4.21,1.28,1.84,3.06,3.65,0.67,1.2,1.19,1.875857394
Off-peak,7/6/2023,6,17.53,3.03,3.99,1.9,1.31,0.75,1.27,0.69,2.98,3.54,1.33,1.28,0.99,0.77,2.22,2.8,1.896672101
Normal,7/9/2023,6,17.89,1.89,4.14,3.01,4.83,0.55,4.79,1.07,3.76,2.33,4.21,3.02,1.4,4.66,1.9,2.06,1.891054275
Peak,7/9/2023,6,11.36,3.45,2.5,3.04,0.66,3.48,2.08,2.88,3.26,1.98,4.71,2.86,2.68,3.52,3.9,2.3,1.920956254
Off-peak,7/9/2023,6,9.4,1.64,4.36,1.83,2.9,3.55,3.14,1.96,0.61,2.95,2.79,3.92,3.77,2.08,4.25,4.87,1.931527696
Normal,7/12/2023,6,7.76,3.09,0.78,4.4,4.26,3.87,2.43,2.73,3.66,2.38,0.93,3.35,4.94,0.67,4.05,4.48,1.952480513
Peak,7/12/2023,6,16.04,4.03,3.77,3.31,2.26,2.73,1.41,3.71,1.19,4.19,2.96,3.68,4.62,1.66,3.5,1.1,1.970615013
Off-peak,7/12/2023,6,5.41,2.98,3,2.89,0.95,2.8,1.48,4.33,1.59,0.96,2.62,0.73,3.99,0.73,4.3,1.12,1.970357198
Normal,7/15/2023,6,9.62,3.08,3.59,2.58,2.03,3.75,4.83,3.75,2.63,2.69,2.83,1.22,3.59,3.17,1.72,3.55,1.92076851
Peak,7/15/2023,6,12.32,4.01,4.15,1.88,3.53,3.15,4.63,1.32,3.07,3.79,1.05,2.81,3.91,1.34,0.98,1.25,1.878028752
Off-peak,7/15/2023,6,10.38,2.4,2.21,1.92,3.1,2.57,2.46,4.58,1.03,1.69,3.86,2.5,3.51,4.73,1.07,3.61,1.859803168
Normal,7/18/2023,6,14.55,4.65,3.7,3.61,1.12,4.59,2.74,4.84,3.35,2.44,4.09,3.4,2.29,4.53,3.07,2.96,1.867385081
Peak,7/18/2023,6,18.52,1.3,4.88,1.64,3.01,4.58,3.4,2.97,4.17,2.81,4.94,1.88,2.53,2.92,0.6,1.34,1.824760946
Off-peak,7/18/2023,6,8.13,2.78,4.54,4.17,3.84,3.62,1.59,3.79,2.05,4.64,2.37,1.31,2.83,2.45,1.43,0.78,1.786783042
Normal,7/21/2023,6,9.03,2.27,3.54,3.78,2.16,4.52,3.31,4.48,1.47,4.75,4.6,4.87,0.51,4.14,1.72,4.35,1.751950132
Peak,7/21/2023,6,12.99,1.52,4.77,3.3,1.48,1.7,3.28,3.96,4.71,4.98,3.39,2.11,3.67,0.67,3.43,2.71,1.735116999
Off-peak,7/21/2023,6,13.24,3.03,2.7,3.77,2.21,3.26,4.34,4.62,2.15,3.25,3.21,2.01,4.19,4.77,1.03,2.19,1.749467617
Normal,7/24/2023,6,19.37,3.78,3.94,4.83,4.42,2.6,1.55,3.58,1.63,1.92,2.04,3.39,4.51,3.22,2.38,1.76,1.781125433
Peak,7/24/2023,6,7.51,0.62,0.52,4.09,4.08,2.63,0.83,4.51,2.66,1.79,1.59,4.15,1.39,1,0.85,2.39,1.821910358
Off-peak,7/24/2023,6,17.11,1.27,1.84,2.86,3.73,2.78,3.85,1.54,2.28,3.79,1.76,2.47,1.98,2.53,4.57,2.3,1.848105033
Normal,7/27/2023,6,6.86,4.88,3,4.12,0.77,1.29,3.69,3.28,3.41,1.04,5,4.99,2.37,4.01,4.99,2.15,1.82743939
Peak,7/27/2023,6,9.72,4.37,1.82,2.84,1.13,1.87,2.98,3.06,4.89,1.99,1.36,3.17,2.57,4.06,1.24,1.39,1.875804675
Off-peak,7/27/2023,6,15.5,2.94,2.89,4.94,2.3,1.92,3.74,4.92,1.32,0.81,1.29,3.81,1.4,2.48,2.31,4.95,1.923218116
Normal,8/1/2023,7,17.37,0.5,2.26,2.46,3.81,2.95,1.23,1.71,2.91,4.78,1.73,2.04,4.35,4.48,4.7,3.87,1.905471179
Peak,8/1/2023,7,13.5,0.89,4.86,3.72,0.52,1.25,3.81,3.32,1.65,3.76,4.79,2.96,3.42,2.38,2.31,0.66,1.929407004
Off-peak,8/1/2023,7,14.65,1.33,0.9,5.58,4.9,3.92,3.46,1.11,1.44,3.24,2.98,1.52,4.14,4.66,2.58,0.66,1.973977869
Normal,8/3/2023,7,17.53,2.01,4.46,1.27,0.85,2.62,4.31,1.63,2.75,0.64,1.93,0.84,3.79,0.78,0.89,1.46,1.99122381
Peak,8/3/2023,7,8.21,2.85,4.34,2.54,0.98,0.53,0.52,1.61,4.97,2.22,3.65,4.7,4.7,3.09,1.21,3.4,1.976996505
Off-peak,8/3/2023,7,12.34,4.42,2,2.04,3.89,3.58,3.1,4.61,0.52,3.64,2.96,1.1,1.83,2.81,2.89,2.83,1.955423643
Normal,8/6/2023,7,14.3,4.34,3.15,1.72,4.63,3.94,1.92,3.14,0.84,2.34,2.41,4.12,1.94,1.53,3.21,4.42,1.941387819
Peak,8/6/2023,7,5.78,1.49,1.09,1.82,1.98,1.17,2.6,4.36,4,1.46,2.2,4.06,1.73,3.05,2.09,2.1,1.911915953
Off-peak,8/6/2023,7,10.33,1.51,3.46,5.55,3.87,1.5,2.09,2.22,3.85,4.98,2.39,2.22,3.32,3.19,3.95,4.85,1.896522439
Normal,8/9/2023,7,17.14,1.83,3.92,5.4,3.71,3.7,1.55,3.81,1.9,1.68,2.06,2.33,3.84,2.29,3.15,4.8,1.884978217
Peak,8/9/2023,7,11.48,3.52,2.67,4.3,1.54,1.85,5,0.67,1.34,2.98,1.45,4.83,3.87,2.24,2.94,0.85,1.846004074
Off-peak,8/9/2023,7,5.63,3.64,1.79,1.31,3.56,2.82,4.2,0.64,0.79,0.96,4.67,3.17,4.68,4.9,1.58,1.17,1.801144706
Normal,8/12/2023,7,12.9,2.65,4.79,2.6,1.22,3.85,3.95,4.82,2.47,4.95,4.4,3.32,2.26,1.95,3.87,2.18,1.774798941
Peak,8/12/2023,7,18.54,2.39,4.48,3.98,1.33,2.62,2.07,3.06,2.79,1.99,1.61,3.21,2.11,4.68,3.5,4.33,1.822073744
Off-peak,8/12/2023,7,18.45,3.31,2.93,1.79,1.23,2.47,4.43,2.14,2.64,3,2.1,0.97,3.02,4.83,2.69,0.65,1.832207488
Normal,8/15/2023,7,18.26,2.59,2.61,2.56,3.86,1.36,2.72,2.96,0.54,4.41,0.77,0.83,4.39,3,2.91,0.87,1.848261652
Peak,8/15/2023,7,5.06,2.83,4.08,3.46,4.86,0.64,0.78,2.86,2.84,3.01,1.13,3.15,1.92,4.29,2.02,3.02,1.862951418
Off-peak,8/15/2023,7,14.18,2.46,1.46,3.49,4.82,2.97,1.16,2.56,2.43,1.1,1.77,3.8,1.04,2.43,1.73,3.88,1.880212275
Normal,8/18/2023,7,11.43,3.85,2.55,5.02,4.92,1.16,1.05,2.93,0.61,2.52,2.87,1.73,4.13,4.07,3.65,1.5,1.911765584
Peak,8/18/2023,7,8.98,4.05,3,4.14,4.2,1.34,4.31,3.81,4.32,0.61,2.43,1.95,3.06,1.56,4.03,1.7,1.867283088
Off-peak,8/18/2023,7,18.11,3.88,4.76,2.67,2.59,4.1,3.9,1.06,4.01,1.67,4.34,4.46,1.59,2.65,0.58,3.55,1.89141689
Normal,8/21/2023,7,5.18,4.15,3.23,4.12,2.2,3.9,4,3.76,4.19,3.6,4.87,2.62,1.33,3.63,1.4,1.75,1.885904843
Peak,8/21/2023,7,9.68,0.77,3.12,1.58,1.47,4.05,3.45,3.41,1.91,1.19,2.35,1.54,1.92,1.02,1.92,1.41,1.89077859
Off-peak,8/21/2023,7,7.63,4.83,4.93,4.49,3.4,3.97,2.75,1.77,2.09,3.96,1.79,2.21,3.46,3.63,4.39,1.28,1.908412924
Normal,8/24/2023,7,8.64,2.18,3.71,1.47,4.78,2.86,1.95,0.95,4.45,3.29,0.9,2.23,4.06,3.32,2.88,3.85,1.921999554
Peak,8/24/2023,7,11.06,1.13,2.62,2.77,3.68,2.56,2.22,4.79,1.92,4.64,2.6,2.44,4.11,3.11,0.75,2.89,1.947470687
Off-peak,8/24/2023,7,12.55,2.91,4.44,3.05,4.73,2.95,4.15,3.33,1.72,3.38,3.5,2.65,0.88,4.29,1,2.98,1.936778374
Normal,8/27/2023,7,12.98,3.81,3.96,3.91,1.76,4.55,0.82,4.21,3.11,1.84,4.65,0.8,3.16,1.16,2.92,3.32,1.898645459
Peak,8/27/2023,7,19.04,3.98,0.56,3.7,2.98,1.69,2.36,1.88,2.59,2.6,1.66,3.63,0.61,2.27,3.29,2.14,1.879513548
Off-peak,8/27/2023,7,18.01,4.1,4.6,5.24,2.76,1.2,2.27,2.24,4.16,2.45,1.95,1.77,4.93,4.26,1.93,0.97,1.8663941
Normal,9/1/2023,8,17.76,3.75,2.9,4.27,4.97,2.95,2.77,4.52,1.54,3.37,4.83,0.52,4.66,2.65,2.39,1.33,1.908629273
Peak,9/1/2023,8,16.11,2.4,1.01,2.08,1.16,2.43,2.45,2.09,1.08,1.37,2.15,0.9,3.82,2.4,1.55,3.79,1.890050247
Off-peak,9/1/2023,8,5.69,1.84,4.5,2.75,3.15,1.62,3.57,3.85,4.68,3.41,3.19,1.75,2.85,3.82,2.7,1.13,1.895742377
Normal,9/3/2023,8,12.24,3.29,4.59,3.46,3.53,4.24,2.78,0.72,0.86,3.75,1.47,4.96,1.67,2,0.55,1.3,1.945655429
Peak,9/3/2023,8,5.21,4.47,4.07,4.59,3.96,2.25,3.88,1.53,3.08,1.44,1.4,4.53,4.76,4.8,4.24,1.41,1.913734604
Off-peak,9/3/2023,8,15.07,4.91,2.93,3.95,3.85,4.14,4.49,2.95,3.32,3.2,3.61,2.85,2.51,2.3,4.79,2.59,1.912008254
Normal,9/6/2023,8,9.64,4.61,4.21,3.22,1.07,1.72,0.55,2.39,2.5,3.39,1.43,2.97,2.13,0.71,0.77,0.55,1.944137933
Peak,9/6/2023,8,14.84,2.31,2.59,3.76,2.11,2.94,3.03,3.08,4.68,4.15,2.43,2.85,4.25,2,4.64,0.6,1.938003837
Off-peak,9/6/2023,8,8.87,2.91,1.76,5.27,1.39,3.91,4.18,4.98,1.4,0.84,2.42,2.68,4.74,1.15,3.24,3.28,1.937612192
Normal,9/9/2023,8,9.11,1.56,2.02,3.09,4.33,3.77,1.67,2.6,3.41,1.74,1.12,3.98,1.92,1.69,1.59,4.28,1.915941847
Peak,9/9/2023,8,7.34,2.4,3.91,2.14,0.73,2.73,1.65,2.86,0.93,1.22,4.95,1.76,2.93,1.58,0.53,1.71,1.941182789
Off-peak,9/9/2023,8,12.68,1.54,3.4,3.91,3.64,1.93,0.51,1,3.05,3.64,2.75,2.25,3.1,2.08,0.73,3.87,1.891704824
Normal,9/12/2023,8,12.4,4.78,4.36,3.39,1.3,4.79,4.1,4.57,3.1,3.57,0.92,4.86,4.14,2.57,3.09,3.31,1.887727334
Peak,9/12/2023,8,17.75,4.24,0.76,4.71,2.29,4.41,3.46,2.39,4.21,2.15,2.55,4.9,3.3,0.54,0.88,4.19,1.904023604
Off-peak,9/12/2023,8,13.42,0.82,3.08,3.35,3.43,1.03,0.88,1.16,3.6,2.02,1.37,2.46,1.22,1.27,2.57,1.85,1.951679231
Normal,9/15/2023,8,16.82,3.21,2.46,4.89,3.99,1.43,4.88,2.81,4.89,3.02,2.68,2.27,2.32,1.62,1.17,2.43,1.90667511
Peak,9/15/2023,8,16.55,4.01,1.69,3.18,3.83,4.15,3.11,1.26,1.32,3.84,1.3,1.74,2.24,2.42,2.13,4.35,1.895797005
Off-peak,9/15/2023,8,13.89,4.47,4.35,1.48,4.02,0.87,3.71,1.95,3.28,3.52,3.24,4.37,3.02,1.98,0.72,0.98,1.871448803
Normal,9/18/2023,8,12.48,3.85,1.21,5.28,1.83,1.3,2.37,0.79,4.31,4.21,3.53,2.46,1.56,2.96,1.28,2.99,1.889772948
Peak,9/18/2023,8,15.66,2.46,4.41,3.56,2.03,4.09,3.29,2.08,1.2,4.3,3.21,1.73,1.11,3.49,3.19,2.3,1.88432684
Off-peak,9/18/2023,8,13.73,4.78,0.83,4.39,1.88,0.71,2.61,3.95,2.43,0.86,4.3,0.64,2.56,1.3,1.38,4.38,1.876294737
Normal,9/21/2023,8,17.19,1.41,2.54,5,0.72,1.86,1.01,2.23,0.77,0.93,4.99,2.95,4.39,3.08,3.28,2.64,1.894216947
Peak,9/21/2023,8,18.87,0.84,1.63,1.35,4.24,2.45,1.63,3.35,4.78,3.03,4.5,2.85,0.61,1.06,1.13,1.74,1.916901111
Off-peak,9/21/2023,8,15.25,4.18,2.04,3.79,2.56,3.3,4.24,4.73,0.83,1.25,3.76,2.47,4.43,3.01,3.71,2.37,1.960748099
Normal,9/24/2023,8,11.62,1.77,0.82,1.4,2.35,0.85,2.77,4.01,3.5,3.04,3.76,2.87,4.1,4.48,0.7,0.84,1.981501698
Peak,9/24/2023,8,11.57,3.73,2.92,3.13,4.57,4.32,4.02,4.4,0.76,1.4,0.8,1.73,2.47,0.96,2.99,3.97,1.974534939
Off-peak,9/24/2023,8,14.78,4.95,2.78,3.43,4.09,1.09,3.16,2.12,2.27,4.68,1.62,4.14,2.72,3.64,2.59,1.71,2.002152567
Normal,9/27/2023,8,17.51,2.77,1.13,2.95,4.38,3.74,0.9,0.57,3.6,1.52,1.6,2.05,0.57,2.93,3.49,3.47,2.017179458
Peak,9/27/2023,8,5.12,2.8,1.86,3.52,2.29,2.92,2.62,2.17,2.51,1.35,0.7,4.52,1.68,0.95,3.88,3.1,1.977425165
Off-peak,9/27/2023,8,15.23,2.64,4.61,2.41,2.17,4.82,3.45,3.07,2.51,2.66,3.17,2.61,0.9,4.91,4.19,4.43,1.984360142
Normal,10/1/2023,9,5.52,2.87,3.26,2.78,3.83,0.52,3.63,0.6,4.18,1.73,3.54,2.46,2.42,1.62,1.05,4.92,1.961995317
Peak,10/1/2023,9,14.92,4.76,3.35,4.83,1.48,3.09,3.05,3.37,1.99,4.52,3.63,3.03,0.81,2.57,3.35,2.03,1.98919842
Off-peak,10/1/2023,9,10.97,4.06,4.8,3.56,3.8,4.89,4.13,3.93,2.91,4.72,3.73,1.57,2.72,1.85,2.58,3.24,2.007746418
Normal,10/3/2023,9,9.71,1.1,4.04,1.79,4.39,3.08,1.83,2.08,1.18,1.85,2.2,0.52,3.19,4.4,2.92,1.87,1.974826742
Peak,10/3/2023,9,11.3,3.75,1.39,3.27,1.15,4.43,0.95,1.02,1.42,3.24,2.64,1.71,1.17,4.75,1.63,3.66,1.937842845
Off-peak,10/3/2023,9,6.86,0.63,1.64,5.67,1.36,3.14,3.04,2.29,0.78,3.29,1.06,1.8,3.73,1.24,2.55,2.78,1.919580625
Normal,10/6/2023,9,13.57,4.94,1.42,3.24,1.35,3.87,4.28,2.6,2.32,4.44,3.68,2.25,4.06,3.86,2.64,3.37,1.900821467
Peak,10/6/2023,9,15.65,1.35,3.02,4.55,1.67,0.94,4.58,1.22,0.58,0.61,3.93,1,2.89,2.24,4.38,1.08,1.874340532
Off-peak,10/6/2023,9,14.8,1.74,2.81,1.55,4.29,0.59,4.98,1.01,1.49,3.28,2.42,1.79,4.39,3.52,1.42,3.36,1.87910215
Normal,10/9/2023,9,14.63,0.99,1.73,2.22,0.72,1.09,3.75,3.02,4.53,2.46,3.19,1.52,3.33,4.73,2.43,2.25,1.837710802
Peak,10/9/2023,9,5.1,4.41,2.36,5.61,1.32,1.17,4.46,4.27,0.63,1.25,1.21,0.69,2.61,2.26,3.99,0.64,1.812088945
Off-peak,10/9/2023,9,13.9,3.64,0.86,4.85,3.78,3.15,1.62,4.11,4.49,4.79,3.2,1.5,4.7,4.44,3.7,4.51,1.841023639
Normal,10/12/2023,9,18.78,2.62,3.53,3.9,1.72,2.15,3.93,0.61,0.79,2.62,2.47,3.33,1.25,4.7,3.82,4.98,1.885442561
Peak,10/12/2023,9,10.46,2.85,2.03,1.63,2.91,3.13,4.13,3,3.41,4.55,3.15,2.66,2.68,2.78,3.94,0.62,1.92231936
Off-peak,10/12/2023,9,13.46,1.87,3.69,2.38,4.94,3.19,1.23,2.17,0.67,0.6,2.86,1.51,4.66,2.62,1.87,4.89,1.927973512
Normal,10/15/2023,9,7.55,4.59,3.59,5.42,2.84,3.94,1.75,2.98,1.64,1.92,4.01,1.23,0.64,1.51,2.56,0.66,1.942439781
Peak,10/15/2023,9,11.75,3.73,3.24,2.78,2.64,3.5,0.85,2.33,2.3,3.93,1.61,3.54,1.96,0.96,0.87,1.04,1.946904807
Off-peak,10/15/2023,9,17.1,2.43,2.09,5.52,3.1,0.73,2.92,1.83,1.76,4.68,4.77,2.28,0.71,4.69,4.42,3.11,1.952421401
Normal,10/18/2023,9,12.45,2.96,2.69,4.03,2.6,2.88,2.72,1.37,3.53,2.12,0.84,1.73,3.32,4.17,4.99,3.69,1.947639334
Peak,10/18/2023,9,8.47,1.2,3.85,3.29,0.56,2.85,1.47,2.56,1.82,3.35,4.63,3.11,0.76,1.24,3.38,2.48,1.994685742
Off-peak,10/18/2023,9,15.8,4.43,2.15,4.7,3.91,4.15,1.35,1.77,2.61,4.6,4.18,4.67,2.07,4.37,0.74,4.87,1.968669042
Normal,10/21/2023,9,6.82,3.05,3.8,2.86,4.55,1.19,4.4,2.46,2.66,4.12,3.33,2,4.53,1.36,1.39,1.11,1.954747624
Peak,10/21/2023,9,15.46,4.72,2.62,2.15,1.94,2.88,2.89,2.01,1.81,3.06,2.58,3.85,1.61,2.31,4.42,4.96,1.922284147
Off-peak,10/21/2023,9,16.35,1.09,4.7,4.48,3.42,2,1.04,4.62,0.62,3.84,2.45,4.34,3.05,1.58,2.13,0.91,1.970147987
Normal,10/24/2023,9,15.27,4.72,4.99,2.08,2.1,2.85,2.28,1.86,3.17,1.91,3.3,2.54,2.53,1.84,1.97,2.31,2.008463621
Peak,10/24/2023,9,15.02,1.99,3.37,3.45,1.62,0.58,0.6,3.81,3.27,2.99,3.88,4.35,1.09,0.75,4.02,4,1.991556007
Off-peak,10/24/2023,9,14.18,2.17,4.64,2.44,4.37,3.14,1.9,1.3,2.27,3.91,3.98,3.67,2.36,1.64,2.69,4.35,2.036116352
Normal,10/27/2023,9,15.79,3.95,4.5,3.29,0.65,3.26,3.77,3.01,3.05,4.07,4.62,1.4,3.14,3.25,1.45,3.11,2.062986109
Peak,10/27/2023,9,19.94,0.69,2.19,5.63,3.88,3.26,2.05,4.36,1.4,1.6,3.78,2.35,2.67,3.21,2.05,3.16,2.099898727
Off-peak,10/27/2023,9,5.67,4.43,2.48,3.87,2.66,2.61,4.69,4,1.07,1.67,4.72,4.03,1.39,2.68,4.41,1.29,2.139885414
Normal,11/1/2023,10,13.97,4.01,3.29,4.09,4.34,3.71,0.89,0.74,4.41,0.67,4.5,4.4,3.31,0.85,0.61,3.09,2.125073801
Peak,11/1/2023,10,11.27,3.44,2.63,3.42,3.13,4.71,2.27,0.58,1.86,3.23,1.78,4.67,0.89,3.61,3.21,4.1,2.14079909
Off-peak,11/1/2023,10,13.14,4.39,1.51,2.08,4.07,1.24,0.68,1.89,3.28,3.05,2.33,1.16,2.44,0.7,2.78,2.57,2.102992387
Normal,11/3/2023,10,18.95,2.84,0.67,5.67,2.78,1.01,3.14,3.48,4.85,1.7,1.52,0.77,1.2,2.72,0.74,2.36,2.107733393
Peak,11/3/2023,10,19.05,1.26,4.82,3.4,1.3,3.39,0.78,1.56,2.13,0.96,1.45,3.64,2.57,4.51,1.87,3.43,2.069807194
Off-peak,11/3/2023,10,12.41,0.86,3.46,5.01,2.14,2.92,2.55,2.79,4.28,0.55,1.6,4.75,4.65,0.81,4.38,0.56,2.098355598
Normal,11/6/2023,10,18.85,4,1.74,4.29,2.48,2.46,4.49,2.14,3.79,1.35,2.65,1.51,2.36,2.47,2.32,1.04,2.062774377
Peak,11/6/2023,10,12.8,2.06,3.38,5.76,3.78,2.7,4.98,2.12,1.67,3.56,3.15,0.68,4.75,4.92,3.41,0.61,2.105695481
Off-peak,11/6/2023,10,8.2,2.47,2.98,3.92,4.86,1.07,1.4,2.43,0.81,2.53,1.75,2.08,4.17,3.1,3.91,4.81,2.127201497
Normal,11/9/2023,10,13.25,3.64,3.38,2.16,3.82,4.81,1.59,0.84,4.07,1.29,4.92,4.88,1.71,4.25,3.65,2.1,2.129122752
Peak,11/9/2023,10,11.28,4.08,2.67,3.99,2.18,2.67,2.45,3.27,1.98,2.45,4.44,4.93,0.86,1.81,4.66,3.38,2.085294194
Off-peak,11/9/2023,10,6.98,2.3,0.52,5.67,1.27,4.68,1.91,2.8,3.73,0.83,1.69,3.88,4.54,1.86,4.93,0.57,2.075044425
Normal,11/12/2023,10,15.89,1.48,2.23,4.15,4.17,1.57,1.5,3.09,4.55,2.01,4.27,1.63,4.13,0.66,1.34,2.6,2.072746665
Peak,11/12/2023,10,8.98,4.89,3.45,2.34,3.88,2.97,0.6,1.6,1.87,3.36,2.07,4.53,3.32,1.24,3.62,2.19,2.114691662
Off-peak,11/12/2023,10,10.23,1.79,3.88,3.69,1.58,3.25,3.11,3.31,1.12,2.92,2.99,4.22,4.59,0.69,4.98,2.93,2.143835784
Normal,11/15/2023,10,16.99,0.94,2.17,1.56,4.49,1.81,1.49,2.34,4.42,1,2.45,3.19,2.07,2.77,1.73,0.58,2.118716219
Peak,11/15/2023,10,9.23,1.44,1.59,4.22,3.73,3.4,3.2,1.32,3.38,2,4.73,3.65,0.55,2.58,1.62,0.76,2.134153844
Off-peak,11/15/2023,10,16.28,3.49,0.82,5.15,2.76,1.49,4.37,4.56,0.52,1.68,4.74,3.87,4.13,0.96,1.27,2.72,2.118062178
Normal,11/18/2023,10,19.48,2.51,2.23,4.63,1.31,1.45,1.58,2.37,3.87,3,1.81,2.44,4.7,2.62,4.7,2.85,2.100636861
Peak,11/18/2023,10,12.92,4.62,3.12,4.07,4.21,4.06,3.5,3.75,4.98,4.82,1.49,4.85,3.11,4.56,3.42,3.26,2.085059781
Off-peak,11/18/2023,10,6.02,4.83,4.68,1.68,1.37,4.83,1.94,3.6,4,2.15,1.44,1.69,3.18,3.24,3.12,2.91,2.10269364
Normal,11/21/2023,10,7.11,1.68,1.07,4.92,2.81,2.86,1.75,4.51,1.77,4.99,4.61,2.89,2.79,4.24,2.85,3.24,2.127800113
Peak,11/21/2023,10,14.08,4.2,2.77,3.38,2.68,3.21,2.98,2.95,2.55,4.78,2.19,4.1,1.78,0.95,3.24,4.56,2.106917745
Off-peak,11/21/2023,10,8.03,3.67,2.93,1.99,0.79,3.4,1.89,1.6,4.35,4.78,2.1,4.76,1.27,1.22,0.88,1.76,2.068216927
Normal,11/24/2023,10,13.81,4.83,2.83,3.4,1.71,4.87,1.75,2.93,2.39,2.86,0.9,2.72,3.48,4.29,0.67,3.11,2.084300283
Peak,11/24/2023,10,14.31,4.58,2.75,5.79,0.96,1.64,4.5,1.78,4.71,0.52,4.86,0.66,2.47,4.8,1.97,2.46,2.04730301
Off-peak,11/24/2023,10,15,2.55,4.08,5.33,1.91,1.52,4.82,3.84,3.11,1.75,3.78,4.54,4.77,3.95,3.07,4.34,2.061556563
Normal,11/27/2023,10,12.05,0.83,1.49,4.07,1.14,2.64,1.31,2.32,3.09,2.93,1.33,4.02,0.72,2.18,3.33,3.68,2.014869449
Peak,11/27/2023,10,13.73,3.81,3.55,4.13,1.13,1.85,2.24,3.21,4.64,2.39,3.64,4.56,1.65,2.72,3.96,1.75,1.966516394
Off-peak,11/27/2023,10,9.81,0.73,1.53,4.92,1.74,4.33,4.43,3.7,4.12,1.35,2.45,2.02,3.64,1.36,4.95,3.78,1.955840295
